<?xml version="1.0" encoding="UTF-8"?>
<!DOCTYPE mapper
  PUBLIC "-//mybatis.org//DTD Mapper 3.0//EN"
  "http://mybatis.org/dtd/mybatis-3-mapper.dtd">

<mapper namespace="Board">
	<insert id="insertBoard" parameterType="com.example.vo.BoardVO">
		INSERT INTO
		BOARD(BRD_NO,BRD_TITLE,BRD_CONTENT,BRD_IMG,BRD_ID,BRD_HIT,BRD_DATE)
		VALUES(SEQ_BOARD_NO.NEXTVAL
		,#{brd_title},#{brd_content},#{brd_img,jdbcType=BLOB},#{brd_id},#{brd_hit},SYSDATE)
	</insert>
	<select id="selectList" parameterType="map"
		resultType="com.example.vo.BoardVO">
		SELECT * FROM
		(select
		BRD_NO,BRD_TITLE,BRD_ID,BRD_HIT,BRD_DATE,
		ROW_NUMBER() OVER (ORDER BY BRD_NO DESC) ROWN
		FROM
		BOARD
		WHERE BRD_TITLE LIKE '%' || #{text} || '%'
		)
		WHERE ROWN BETWEEN #{start} AND #{end}
	</select>

	<select id="count" resultType="int" parameterType="String">
		SELECT COUNT(*) FROM BOARD WHERE BRD_TITLE LIKE '%' || #{text} || '%' 
	</select>
	<select id="selectBoardOne" parameterType="int"
		resultType="com.example.vo.BoardVO">
		SELECT * FROM BOARD WHERE BRD_NO=#{no}
	</select>
	<update id="updateHit" parameterType="int">
		UPDATE BOARD SET BRD_HIT = BRD_HIT+3
		WHERE BRD_NO= #{no}
	</update>
	<insert id = "insertBatch" parameterType="java.util.List">
		INSERT ALL
		<foreach collection="list" item="obj" separator=" ">
			INTO BOARD
			(BRD_NO,BRD_TITLE,BRD_CONTENT,BRD_ID,BRD_HIT,BRD_DATE)
			VALUES
			(MY_GET_SEQ_BOARDNUMBER,#{obj.brd_title},#{obj.brd_content},#{obj.brd_id},#{obj.brd_hit},SYSDATE
			)
		</foreach>
		SELECT * FROM DUAL
	
	</insert>
	<resultMap type="com.example.vo.BoardVO" id ="img1" >
		<result column="BRD_NO" property ="brd_no"></result>
		<result column="BRD_IMG" property ="brd_img" jdbcType="BLOB" javaType="[B"></result>
	</resultMap>
	<select id = "selectBoardImg" parameterType="int" resultMap ="img1">
	SELECT BRD_NO,BRD_IMG FROM BOARD WHERE BRD_NO = #{brd_no}
	
	</select>
	<delete id="delete" parameterType="int">
	DELETE FROM BOARD WHERE BRD_NO=#{no}
	</delete>
	<update id= "update" parameterType="com.example.vo.BoardVO">
	UPDATE BOARD 
	SET BRD_TITLE= #{brd_title}, BRD_CONTENT= #{brd_content}
	<if test= "brd_img != null">
	,
	BRD_IMG=#{brd_img , jdbcType=BLOB}
	</if>
	WHERE BRD_NO = #{brd_no}
	
	</update>
	<select id= "selectPrev" parameterType="int"  resultType="int">
	SELECT NVL(MAX(BRD_NO),0) FROM BOARD
	WHERE BRD_NO <![CDATA[<]]> #{brd_no}
	</select>
	<select id= "selectNext" parameterType="int"  resultType="int">
	SELECT NVL(MIN(BRD_NO),0) FROM BOARD
	WHERE BRD_NO <![CDATA[>]]> #{brd_no}
	</select>
</mapper>