<?xml version="1.0" encoding="UTF-8"?>

<!DOCTYPE mapper
  PUBLIC "-//mybatis.org//DTD Mapper 3.0//EN"
  "http://mybatis.org/dtd/mybatis-3-mapper.dtd">


<mapper namespace="Item">

	<select id="selectItemList1" resultType="com.example.vo.ItemVO">

		SELECT * FROM ITEM
	</select>

	<select id="selectList" parameterType="map"
		resultType="com.example.vo.ItemVO">
		SELECT * FROM
		(select
		ITEMNO,ITEMNAME,ITEMPRICE,ITEMQTY,ITEMDES,ITEMDATE,
		ROW_NUMBER() OVER
		(ORDER BY ITEMNO DESC) ROWN
		FROM
		ITEM)
		WHERE ROWN BETWEEN #{start} AND
		#{end}
	</select>
	<select id="count" resultType="int">
		SELECT COUNT(*) FROM ITEM
	</select>
	<select id="selectOne" resultType="com.example.vo.ItemVO"
		parameterType="int">
		SELECT *
		FROM ITEM
		WHERE ITEMNO = #{no}

	</select>
	<select id="selectItemSearch" resultType="com.example.vo.ItemVO"
		parameterType="String">
		SELECT *
		FROM ITEM
		WHERE ITEMNAME LIKE '%'|| #{txt}||'%'
	</select>
	<insert id="insertItemBatch" parameterType="java.util.List">
		INSERT ALL
		<foreach collection="list" item="obj" separator=" ">
			INTO ITEM
			(ITEMNO,ITEMNAME,ITEMPRICE,ITEMQTY,ITEMDES,ITEMDATE)
			VALUES
			(MY_GET_SEQ_NUMBER,#{obj.itemname},#{obj.itemprice},#{obj.itemqty},#{obj.itemdes},SYSDATE
			)
		</foreach>
		SELECT * FROM DUAL

	</insert>

	<delete id="deleteItemBatch" parameterType="int">
		DELETE FROM ITEM WHERE ITEMNO IN(
		<foreach collection="array" item="tmp" separator=",">
			#{tmp}
		</foreach>

		)
	</delete>
	<select id="selectItemWhere" parameterType="int"
		resultType="com.example.vo.ItemVO">
		SELECT * FROM ITEM WHERE ITEMNO IN (
		<foreach collection="array" item="tmp" separator=",">
			#{tmp}
		</foreach>
		)

	</select>
	<update id="updateItemBatch" parameterType="java.util.List">
		UPDATE ITEM SET
		ITEMNAME=(
		CASE
		<foreach collection="list" item="obj" separator=" ">
			WHEN ITEMNO
			= #{obj.itemno} THEN #{obj.itemname}
		</foreach>
		END
		),
		ITEMPRICE=(
		CASE
		<foreach collection="list" item="obj" separator=" ">
			WHEN ITEMNO
			= #{obj.itemno} THEN #{obj.itemprice}
		</foreach>
		END
		),
		ITEMQTY=(
		CASE
		<foreach collection="list" item="obj" separator=" ">
			WHEN ITEMNO = #{obj.itemno} THEN #{obj.itemqty}
		</foreach>
		END
		),
		ITEMDES=(
		CASE
		<foreach collection="list" item="obj" separator=" ">
			WHEN ITEMNO =#{obj.itemno} THEN #{obj.itemdes}
		</foreach>
		END
		)
		WHERE ITEMNO IN (
		<foreach collection="list" item="obj" separator=",">
			#{obj.itemno}
		</foreach>
		)
	</update>
	<delete id="deleteItemOne" parameterType="int">
		DELETE FROM ITEM WHERE ITEMNO = #{no}
	</delete>
</mapper>