<?xml version="1.0" encoding="UTF-8"?>

<!DOCTYPE mapper
  PUBLIC "-//mybatis.org//DTD Mapper 3.0//EN"
  "http://mybatis.org/dtd/mybatis-3-mapper.dtd">

<mapper namespace="Member">
	<select id="login" parameterType="com.example.vo.MemberVO"
		resultType="com.example.vo.MemberVO">

		SELECT USERID,USERNAME,PHONE FROM MEMBER WHERE USERID=#{userid} AND
		PASSWORD=#{password}

	</select>
	<insert id="join" parameterType="com.example.vo.MemberVO">
		INSERT INTO
		MEMBER(USERID,PASSWORD,USERNAME,PHONE,USERAGE,JOINDATE)
		VALUES(#{userid},#{password},#{username},#{phone},#{userage},SYSDATE)
	</insert>

	<update id="editmember" parameterType="com.example.vo.MemberVO">
		UPDATE MEMBER SET
		USERNAME=#{username}, PHONE=#{phone}, WHERE USERID
		=#{userid}
	</update>
	<delete id="delmember" parameterType="com.example.vo.MemberVO">
		DELETE FROM MEMBER WHERE
		USERID=#{userid}
	</delete>


	<select id="memberOne" parameterType="com.example.vo.MemberVO"
		resultType="com.example.vo.MemberVO">
		SELECT * FROM MEMBER WHERE USERID= #{userid}
	</select>
	<select id="memberList" parameterType="com.example.vo.MemberVO"
		resultType="com.example.vo.MemberVO">
		SELECT * FROM MEMBER
	</select>
	<delete id= "deleteList" parameterType="string">
		DELETE FROM MEMBER WHERE
			USERID in (
			<foreach collection="array" item="obj" separator=",">
			
			 #{obj}
		</foreach>	
			)
		
	</delete>
	<update id= "updateList" parameterType="java.util.List">
	UPDATE MEMBER SET
		PASSWORD=(
		CASE
		<foreach collection="list" item="obj" separator=" ">
			WHEN USERID
			= #{obj.userid} THEN #{obj.password}
		</foreach>
		END
		),
		USERNAME=(
		CASE
		<foreach collection="list" item="obj" separator=" ">
			WHEN USERID
			= #{obj.userid} THEN #{obj.username}
		</foreach>
		END
		),
		PHONE=(
		CASE
		<foreach collection="list" item="obj" separator=" ">
			WHEN USERID
			= #{obj.userid} THEN #{obj.phone}
		</foreach>
		END
		),
		USERAGE=(
		CASE
		<foreach collection="list" item="obj" separator=" ">
			WHEN USERID
			= #{obj.userid} THEN #{obj.userage}
		</foreach>
		END
		)
		WHERE USERID IN (
		<foreach collection="list" item="obj" separator=",">
			#{obj.userid}
		</foreach>
		)
	</update>
	<select id="memberListid" parameterType="string" resultType="com.example.vo.MemberVO">
	SELECT * FROM MEMBER WHERE
	USERID IN (
	<foreach collection="array" item="id" separator=",">
			
			 #{id}
		</foreach>	
	)
	</select>
</mapper>