<?xml version="1.0" encoding="UTF-8"?>

<!DOCTYPE mapper
  PUBLIC "-//mybatis.org//DTD Mapper 3.0//EN"
  "http://mybatis.org/dtd/mybatis-3-mapper.dtd">

<mapper namespace="Order">
  <!--  맵-->
	<!--  <resultMap type= "map" id = "ret1">
	<result column = "ITEMNO" property ="ITEMNO" javaType= "Interger" jdbcType="NUMBERIC"></result>
	<result column = "ITEMQTY" property ="ITEMQTY" javaType= "Interger" jdbcType="NUMBERIC"></result>
	</resultMap>-->
	<select id = "selectOrderCnt" resultType="com.example.vo.OrderVO">
	SELECT 
    T1.ITEMNO, T1.ITEMNAME, T1.ITEMPRICE, T1.ITEMQTY, SUM(T1.ORDERCNT) ORDERCNT
		FROM    
		    (SELECT 
		        ITEM.ITEMNO,ITEM.ITEMNAME,ITEM.ITEMPRICE,ITEM.ITEMQTY,
		        ITEMORDER.ORDERCNT
    		 FROM 
       			 ITEM, ITEMORDER
		    WHERE 
		        ITEM.ITEMNO = ITEMORDER.ITEMNO) T1
	GROUP BY T1.ITEMNO, T1.ITEMNAME, T1.ITEMPRICE, T1.ITEMQTY

	</select>
</mapper>